{"/5TxP6rB5Xsj6wML99MSww==":"logo2.png","2r+m+64ya5wkO3jYl4HQNA==":"03.jpg","P2jWEnr9w0Ij1iSwDFilpw==":"income-1308x1033.png","dMy4NKj93Lr7JEAUASA17Q==":"background4.jpg","oiVSztVHSl2ZjD2jeu6U8Q==":"unemployment-1308x1033.png","8bVR2ZJY318sBeUXjTQ06g==":"marriage-1308x1033.png","efVEuoyjsHCfK+wkMU+6wA==":"veteran-1308x1033.png","NZuo3BTodnogQV/zSk+1mg==":"education-1308x1033.png","KacUz3Us9ShMpJtKmIjK7Q==":"age-1308x1033.png","ku16Ed+QNBmteqmjpDtfYw==":"population-1308x1033.png","WKKJXXbl0tGjppdILuE3LQ==":"mbr-1620x1080.jpg","QzC3RJ6Dy6K5hs3tKSXCQw==":"background3.jpg","3YaDJ2ouFWEDx1Xd6ion4g==":"mbr-1080x1080.jpg","V1dpP3BKUtiMlfDbvceo6Q==":"mbr-1871x1080.jpg","QtGGqPApzq1iVNT0YDIgUg==":"mbr-1618x1080.jpg","Xh0+IRb1ePLc/BKFmFDAeQ==":"mbr-1438x1080.jpg","LxlOPAnj8wfMmuZH2Hcddw==":"black-511x497.png","IImp8irmKgGgzrnVXoSaGg==":"unemp-455x443.png","Zo/7tglzN4uxXDqKJBGpUw==":"bac24-455x443.png","2CCJdx1Iw/9wVH4upX9n1g==":"bac25-458x443.png","TcDQYDkhv+jOeI84zd+X5A==":"inc-511x497.png","s/hcmCaqSFyDys/iRrVhcg==":"marr-511x497.png","uyf4enAz37OvpKmW4zmlxQ==":"vet-463x443.png","YN21yZBmIwENzf4/XOjPvQ==":"white-514x497.png","DMmPkPIQ/EcQioDC/G1HRA==":"asian-511x497.png","T91N+BjcAUampMItp90qTQ==":"pop-511x497.png","3mZFZG2pO8joz/SSdXmirQ==":"emp-455x443.png","ZhfAvaYz1P3umy95sl/JKg==":"medage-455x443.png","5/Za49heeNcgw9eAQmDqEA==":"medagef-511x497.png","FeyY+mgzl1ZhF5I+SE8UOw==":"medagem-511x497.png","p1HjafRbooCldeVlJlZRQQ==":"education-1-1308x1033.png","TMrc9JqdLkvUdjQ/Eyts5w==":"marriage-1-1308x1033.png","CFxZ3ByOkXn3199wTRbOdQ==":"unemployment-1-1308x1033.png","nlKQjzIkQDDDK9ZQaPMqTg==":"face2.jpg","EHLXJz30A6msu4l2DcV76A==":"background2.jpg","l/xEmQtsDfH0tPl+F/ONOQ==":"mbr-1516x1080.jpg","z7SxCXhk17JzjmL1mWkhOw==":"models-465x172.png","MDrNtCo8FLdy4wB0pCZt5A==":"heat-699x587.png","r5XiJJbHyNBxwjzbLj8YSA==":"table-467x197.png"}